{"cameraMode":{"drawMode":0,"name":"Shaded","section":"Shading Mode"},"sceneLighting":false,"audioPlay":false,"sceneViewState":{"showFog":true,"showMaterialUpdate":false,"showSkybox":false,"showFlares":true,"showImageEffects":true,"showParticleSystems":true},"in2DMode":false,"pivot":{"x":2.942366600036621,"y":1.554440975189209,"z":-1.5614538192749024},"rotation":{"x":-0.20825396478176118,"y":-0.4187602996826172,"z":0.09929141402244568,"w":-0.8783020377159119},"size":8.754942893981934,"orthographic":false}