{"cameraMode":{"drawMode":0,"name":"Shaded","section":"Shading Mode"},"sceneLighting":false,"audioPlay":false,"sceneViewState":{"showFog":false,"showMaterialUpdate":false,"showSkybox":false,"showFlares":false,"showImageEffects":false,"showParticleSystems":false},"in2DMode":false,"pivot":{"x":-11.111458778381348,"y":-0.2062530517578125,"z":26.499858856201173},"rotation":{"x":-0.42136895656585696,"y":0.5764350891113281,"z":-0.46082594990730288,"w":-0.527083694934845},"size":47.92963790893555,"orthographic":false}