{"cameraMode":{"drawMode":0,"name":"Shaded","section":"Shading Mode"},"sceneLighting":false,"audioPlay":false,"sceneViewState":{"showFog":false,"showMaterialUpdate":false,"showSkybox":false,"showFlares":false,"showImageEffects":false,"showParticleSystems":false},"in2DMode":false,"pivot":{"x":-23.893346786499025,"y":1.52640700340271,"z":11.767683982849121},"rotation":{"x":-0.0011121788993477822,"y":-0.9967401027679443,"z":0.07971896976232529,"w":-0.013718240894377232},"size":1.6919927597045899,"orthographic":false}