{"cameraMode":{"drawMode":0,"name":"Shaded","section":"Shading Mode"},"sceneLighting":false,"audioPlay":false,"sceneViewState":{"showFog":false,"showMaterialUpdate":false,"showSkybox":false,"showFlares":false,"showImageEffects":false,"showParticleSystems":false},"in2DMode":false,"pivot":{"x":43.578758239746097,"y":3.265230655670166,"z":41.38065719604492},"rotation":{"x":0.14301881194114686,"y":0.3859618604183197,"z":-0.060703445225954059,"w":0.9093385338783264},"size":9.034696578979493,"orthographic":false}