{"cameraMode":{"drawMode":0,"name":"Shaded","section":"Shading Mode"},"sceneLighting":false,"audioPlay":false,"sceneViewState":{"showFog":false,"showMaterialUpdate":false,"showSkybox":false,"showFlares":false,"showImageEffects":false,"showParticleSystems":false},"in2DMode":false,"pivot":{"x":-29.552295684814454,"y":2.111215591430664,"z":12.693023681640625},"rotation":{"x":0.00934723298996687,"y":-0.9681791067123413,"z":0.03662782534956932,"w":0.2474612295627594},"size":2.386005163192749,"orthographic":false}