{"cameraMode":{"drawMode":0,"name":"Shaded","section":"Shading Mode"},"sceneLighting":false,"audioPlay":false,"sceneViewState":{"showFog":false,"showMaterialUpdate":false,"showSkybox":false,"showFlares":false,"showImageEffects":false,"showParticleSystems":false},"in2DMode":false,"pivot":{"x":-0.12031686305999756,"y":-7.013286590576172,"z":13.250905990600586},"rotation":{"x":0.3205816149711609,"y":-0.01704874448478222,"z":0.005771090276539326,"w":0.9470499753952026},"size":59.1267204284668,"orthographic":false}