{"cameraMode":{"drawMode":0,"name":"Shaded","section":"Shading Mode"},"sceneLighting":false,"audioPlay":false,"sceneViewState":{"showFog":false,"showMaterialUpdate":false,"showSkybox":false,"showFlares":false,"showImageEffects":false,"showParticleSystems":false},"in2DMode":false,"pivot":{"x":1.4788506031036378,"y":0.10939931869506836,"z":-2.2175259590148927},"rotation":{"x":0.4189528524875641,"y":0.15800704061985017,"z":-0.07429126650094986,"w":0.8910669684410095},"size":0.4368715286254883,"orthographic":false}