{"cameraMode":{"drawMode":0,"name":"Shaded","section":"Shading Mode"},"sceneLighting":false,"audioPlay":false,"sceneViewState":{"showFog":false,"showMaterialUpdate":false,"showSkybox":false,"showFlares":false,"showImageEffects":false,"showParticleSystems":false},"in2DMode":false,"pivot":{"x":-27.467756271362306,"y":2.0360445976257326,"z":12.3069429397583},"rotation":{"x":-0.005796585697680712,"y":-0.9258554577827454,"z":0.014169921167194844,"w":-0.37761881947517397},"size":1.0436272621154786,"orthographic":false}