{"cameraMode":{"drawMode":0,"name":"Shaded","section":"Shading Mode"},"sceneLighting":false,"audioPlay":false,"sceneViewState":{"showFog":false,"showMaterialUpdate":false,"showSkybox":false,"showFlares":false,"showImageEffects":false,"showParticleSystems":false},"in2DMode":false,"pivot":{"x":-10.371295928955079,"y":-1.3689565658569337,"z":-3.258464813232422},"rotation":{"x":0.2921777367591858,"y":-0.054474830627441409,"z":0.016672175377607347,"w":0.954666018486023},"size":18.074987411499025,"orthographic":false}