{"cameraMode":{"drawMode":0,"name":"Shaded","section":"Shading Mode"},"sceneLighting":false,"audioPlay":false,"sceneViewState":{"showFog":false,"showMaterialUpdate":false,"showSkybox":false,"showFlares":false,"showImageEffects":false,"showParticleSystems":false},"in2DMode":false,"pivot":{"x":36.284088134765628,"y":24.06174659729004,"z":0.9270362854003906},"rotation":{"x":-0.0006859237910248339,"y":-0.9992360472679138,"z":0.03329598158597946,"w":-0.020695816725492479},"size":11.100204467773438,"orthographic":false}