{"cameraMode":{"drawMode":0,"name":"Shaded","section":"Shading Mode"},"sceneLighting":false,"audioPlay":false,"sceneViewState":{"showFog":false,"showMaterialUpdate":false,"showSkybox":false,"showFlares":false,"showImageEffects":false,"showParticleSystems":false},"in2DMode":false,"pivot":{"x":-0.22195446491241456,"y":0.770795464515686,"z":-0.701115608215332},"rotation":{"x":0.18048880994319917,"y":0.013277838006615639,"z":-0.002436734503135085,"w":0.9834849834442139},"size":1.1660301685333253,"orthographic":false}