{"cameraMode":{"drawMode":0,"name":"Shaded","section":"Shading Mode"},"sceneLighting":false,"audioPlay":false,"sceneViewState":{"showFog":false,"showMaterialUpdate":false,"showSkybox":false,"showFlares":false,"showImageEffects":false,"showParticleSystems":false},"in2DMode":false,"pivot":{"x":-22.920654296875,"y":2.5119740962982179,"z":23.85537338256836},"rotation":{"x":-0.0011121788993477822,"y":-0.9967401027679443,"z":0.07971896976232529,"w":-0.013718240894377232},"size":1.2852725982666016,"orthographic":false}