{"cameraMode":{"drawMode":0,"name":"Shaded","section":"Shading Mode"},"sceneLighting":false,"audioPlay":false,"sceneViewState":{"showFog":false,"showMaterialUpdate":false,"showSkybox":false,"showFlares":false,"showImageEffects":false,"showParticleSystems":false},"in2DMode":false,"pivot":{"x":-46.702667236328128,"y":2.7270758152008058,"z":-19.354928970336915},"rotation":{"x":-0.0011121788993477822,"y":-0.9967401027679443,"z":0.07971896976232529,"w":-0.013718240894377232},"size":2.13195538520813,"orthographic":false}