{"cameraMode":{"drawMode":0,"name":"Shaded","section":"Shading Mode"},"sceneLighting":false,"audioPlay":false,"sceneViewState":{"showFog":false,"showMaterialUpdate":false,"showSkybox":false,"showFlares":false,"showImageEffects":false,"showParticleSystems":false},"in2DMode":false,"pivot":{"x":-25.144527435302736,"y":3.333174705505371,"z":19.675018310546876},"rotation":{"x":-0.0011121788993477822,"y":-0.9967401027679443,"z":0.07971896976232529,"w":-0.013718240894377232},"size":1.9603910446166993,"orthographic":false}