{"cameraMode":{"drawMode":0,"name":"Shaded","section":"Shading Mode"},"sceneLighting":false,"audioPlay":false,"sceneViewState":{"showFog":false,"showMaterialUpdate":false,"showSkybox":false,"showFlares":false,"showImageEffects":false,"showParticleSystems":false},"in2DMode":false,"pivot":{"x":-20.162548065185548,"y":0.5801613330841065,"z":-1.2662105560302735},"rotation":{"x":-0.005390271544456482,"y":0.9946058392524719,"z":-0.07173562049865723,"w":-0.07473572343587876},"size":7.5994672775268559,"orthographic":false}