{"cameraMode":{"drawMode":0,"name":"Shaded","section":"Shading Mode"},"sceneLighting":false,"audioPlay":false,"sceneViewState":{"showFog":false,"showMaterialUpdate":false,"showSkybox":false,"showFlares":false,"showImageEffects":false,"showParticleSystems":false},"in2DMode":false,"pivot":{"x":-3.4853672981262209,"y":1.8178942203521729,"z":-6.633688449859619},"rotation":{"x":-0.010893403552472592,"y":0.9886103868484497,"z":-0.12071075290441513,"w":-0.08921603858470917},"size":2.853039503097534,"orthographic":false}