{"cameraMode":{"drawMode":0,"name":"Shaded","section":"Shading Mode"},"sceneLighting":false,"audioPlay":false,"sceneViewState":{"showFog":false,"showMaterialUpdate":false,"showSkybox":false,"showFlares":false,"showImageEffects":false,"showParticleSystems":false},"in2DMode":false,"pivot":{"x":-23.846885681152345,"y":1.5223972797393799,"z":24.654211044311525},"rotation":{"x":-0.1265944242477417,"y":-0.1158173531293869,"z":0.014868265949189663,"w":-0.9850755333900452},"size":1.8730729818344117,"orthographic":false}