{"cameraMode":{"drawMode":0,"name":"Shaded","section":"Shading Mode"},"sceneLighting":false,"audioPlay":false,"sceneViewState":{"showFog":false,"showMaterialUpdate":false,"showSkybox":false,"showFlares":false,"showImageEffects":false,"showParticleSystems":false},"in2DMode":false,"pivot":{"x":36.902198791503909,"y":-1.8384475708007813,"z":-88.75861358642578},"rotation":{"x":-0.35098615288734438,"y":-0.12115196138620377,"z":0.04585425183176994,"w":-0.9273841381072998},"size":15.062183380126954,"orthographic":false}