{"cameraMode":{"drawMode":0,"name":"Shaded","section":"Shading Mode"},"sceneLighting":false,"audioPlay":false,"sceneViewState":{"showFog":false,"showMaterialUpdate":false,"showSkybox":false,"showFlares":false,"showImageEffects":false,"showParticleSystems":false},"in2DMode":false,"pivot":{"x":-2.04736328125,"y":0.6040357351303101,"z":-10.233402252197266},"rotation":{"x":-0.029290711507201196,"y":-0.9665653109550476,"z":0.1286340355873108,"w":-0.21996331214904786},"size":4.57196044921875,"orthographic":false}