{"cameraMode":{"drawMode":0,"name":"Shaded","section":"Shading Mode"},"sceneLighting":false,"audioPlay":false,"sceneViewState":{"showFog":false,"showMaterialUpdate":false,"showSkybox":false,"showFlares":false,"showImageEffects":false,"showParticleSystems":false},"in2DMode":false,"pivot":{"x":85.49056243896485,"y":3.1561927795410158,"z":78.49097442626953},"rotation":{"x":0.49278831481933596,"y":-0.0169658325612545,"z":0.009610701352357865,"w":0.8699323534965515},"size":86.27642059326172,"orthographic":false}