{"cameraMode":{"drawMode":0,"name":"Shaded","section":"Shading Mode"},"sceneLighting":false,"audioPlay":false,"sceneViewState":{"showFog":false,"showMaterialUpdate":false,"showSkybox":false,"showFlares":false,"showImageEffects":false,"showParticleSystems":false},"in2DMode":false,"pivot":{"x":-45.652015686035159,"y":-2.9018666744232179,"z":-1.1465110778808594},"rotation":{"x":0.044453270733356479,"y":0.4982320964336395,"z":-0.025579214096069337,"w":0.8655359148979187},"size":22.375810623168947,"orthographic":false}