{"cameraMode":{"drawMode":0,"name":"Shaded","section":"Shading Mode"},"sceneLighting":false,"audioPlay":false,"sceneViewState":{"showFog":false,"showMaterialUpdate":false,"showSkybox":false,"showFlares":false,"showImageEffects":false,"showParticleSystems":false},"in2DMode":false,"pivot":{"x":0.0045722126960754398,"y":1.5223960876464844,"z":0.04063805937767029},"rotation":{"x":-0.3496827483177185,"y":-0.019112860783934594,"z":0.007135632447898388,"w":-0.9366468787193298},"size":1.8810619115829468,"orthographic":false}