{"cameraMode":{"drawMode":0,"name":"Shaded","section":"Shading Mode"},"sceneLighting":false,"audioPlay":false,"sceneViewState":{"showFog":false,"showMaterialUpdate":false,"showSkybox":false,"showFlares":false,"showImageEffects":false,"showParticleSystems":false},"in2DMode":false,"pivot":{"x":1.8924341201782227,"y":2.397695541381836,"z":-5.910633563995361},"rotation":{"x":0.19207483530044557,"y":0.7105798125267029,"z":-0.2123543918132782,"w":0.642719566822052},"size":8.907718658447266,"orthographic":false}