{"cameraMode":{"drawMode":0,"name":"Shaded","section":"Shading Mode"},"sceneLighting":false,"audioPlay":false,"sceneViewState":{"showFog":false,"showMaterialUpdate":false,"showSkybox":false,"showFlares":false,"showImageEffects":false,"showParticleSystems":false},"in2DMode":false,"pivot":{"x":-0.04622077941894531,"y":15.223958015441895,"z":-0.34276628494262698},"rotation":{"x":-0.1265944242477417,"y":-0.1158173531293869,"z":0.014868265949189663,"w":-0.9850755333900452},"size":25.758745193481447,"orthographic":false}