{"cameraMode":{"drawMode":0,"name":"Shaded","section":"Shading Mode"},"sceneLighting":false,"audioPlay":false,"sceneViewState":{"showFog":false,"showMaterialUpdate":false,"showSkybox":false,"showFlares":false,"showImageEffects":false,"showParticleSystems":false},"in2DMode":false,"pivot":{"x":-32.72749710083008,"y":2.3731186389923097,"z":14.394218444824219},"rotation":{"x":0.018440967425704004,"y":-0.961543619632721,"z":0.06675547361373902,"w":0.26584339141845705},"size":1.9324884414672852,"orthographic":false}