{"cameraMode":{"drawMode":0,"name":"Shaded","section":"Shading Mode"},"sceneLighting":false,"audioPlay":false,"sceneViewState":{"showFog":false,"showMaterialUpdate":false,"showSkybox":false,"showFlares":false,"showImageEffects":false,"showParticleSystems":false},"in2DMode":false,"pivot":{"x":5.565330982208252,"y":-0.16945791244506837,"z":-75.1408462524414},"rotation":{"x":0.18048880994319917,"y":0.013277838006615639,"z":-0.002436734503135085,"w":0.9834849834442139},"size":6.421422958374023,"orthographic":false}