{"cameraMode":{"drawMode":0,"name":"Shaded","section":"Shading Mode"},"sceneLighting":false,"audioPlay":false,"sceneViewState":{"showFog":false,"showMaterialUpdate":false,"showSkybox":false,"showFlares":false,"showImageEffects":false,"showParticleSystems":false},"in2DMode":false,"pivot":{"x":1.4150681495666505,"y":1.7248775959014893,"z":0.3959767818450928},"rotation":{"x":0.25851044058799746,"y":0.2165219634771347,"z":-0.05957510694861412,"w":0.939546525478363},"size":3.5828797817230226,"orthographic":false}