{"cameraMode":{"drawMode":0,"name":"Shaded","section":"Shading Mode"},"sceneLighting":false,"audioPlay":false,"sceneViewState":{"showFog":false,"showMaterialUpdate":false,"showSkybox":false,"showFlares":false,"showImageEffects":false,"showParticleSystems":false},"in2DMode":false,"pivot":{"x":-0.17613792419433595,"y":1.8410372734069825,"z":0.1361827850341797},"rotation":{"x":0.025726091116666795,"y":-0.9600419402122498,"z":0.09420636296272278,"w":0.2623310685157776},"size":1.259333848953247,"orthographic":false}